index,content
必填内容,可选内容。CSV 中请注意内容不能包含双引号，双引号是列分割符号
什么是人工智能？,人工智能（AI）是计算机科学的一个分支，它致力于创建能够执行通常需要人类智能的任务的系统，例如视觉感知、语音识别、决策和语言翻译。
区块链技术是如何工作的？,区块链是一种分布式账本技术，它通过加密和共识机制确保数据的不可变性和安全性。每个区块包含一系列交易记录，并通过哈希值与前一个区块链接起来。
云计算有哪些主要优势？,云计算的主要优势包括成本效益、可扩展性、灵活性、可靠性和全球访问能力。
什么是物联网（IoT）？,物联网（IoT）是将物理设备连接到互联网，使它们能够收集和交换数据的网络。这些设备可以是家用电器、工业机器，甚至是交通工具。
5G网络将如何改变我们的生活？,5G网络将提供更快的数据传输速度、更低的延迟和更高的可靠性，这将推动智能城市、自动驾驶汽车和远程医疗等技术的发展。
虚拟现实（VR）和增强现实（AR）有什么区别？,虚拟现实（VR）通过头戴设备创造一个完全虚拟的环境，而增强现实（AR）则是在用户的现实世界中叠加数字信息或图像。
什么是机器学习？,机器学习是人工智能的一个子集，它使用算法和统计模型让计算机系统从数据中学习并做出预测或决策，而无需进行明确的编程。
大数据有哪些应用领域？,大数据应用领域包括健康医疗、金融服务、供应链管理、市场分析和智慧城市建设等。
什么是深度学习？,深度学习是一种特殊的机器学习技术，它使用类似于人脑的神经网络结构来处理复杂的数据模式和任务，如图像和语音识别。
科技如何影响教育行业？,科技通过在线学习平台、虚拟现实教学工具和个性化学习软件等改变了教育行业的教学方式、提高了教育的可达性和定制性。
什么是量子计算？,量子计算是一种利用量子力学原理进行信息处理的技术，它有潜力在某些特定任务上大大超越传统计算机的性能。
为什么网络安全很重要？,网络安全保护数据和系统不受未经授权的访问、盗窃、破坏或干扰，对于保护个人隐私、企业资产和国家安全至关重要。
什么是边缘计算？,边缘计算是一种分布式计算架构，它将数据处理和分析推向网络的边缘，即靠近数据源的地方，以减少延迟并提高效率。
科技如何帮助环境保护？,科技可以通过智能监测系统、可再生能源技术、数据分析和自动化系统等手段帮助我们更好地理解和保护环境。
什么是数字孪生技术？,数字孪生是创建物理对象或系统的虚拟表示，用于模拟、分析和优化其性能。
科技如何改变医疗保健？,科技通过远程医疗、可穿戴健康监测设备、个性化医疗和人工智能辅助诊断等手段提高了医疗服务的质量和可达性。
什么是软件即服务（SaaS）？,软件即服务（SaaS）是一种通过互联网提供软件应用程序的模式，用户可以根据自己的需要订阅服务，而无需安装和维护软件。
什么是自动化测试？,自动化测试是使用软件工具自动执行测试用例的过程，它可以提高测试的效率、准确性和重复性。
科技如何影响零售业？,科技通过电子商务平台、智能供应链管理、客户数据分析和增强现实购物体验等手段改变了零售业的运营方式和客户互动。
什么是开源软件？,开源软件是指源代码可以被公众查看、修改和增强的软件，它通常在协作的社区环境中开发。
科技如何影响交通行业？,科技通过自动驾驶汽车、智能交通系统、共享出行服务和电动车辆等创新改变了交通行业的运营模式和效率。
什么是自然语言处理（NLP）？,自然语言处理（NLP）是人工智能的一个分支，它使计算机能够理解、解释和生成人类语言。
科技如何帮助农业发展？,科技通过精准农业技术、智能灌溉系统、作物监测和分析工具等帮助提高农业生产的效率和可持续性。
什么是3D打印技术？,3D打印技术是一种制造过程，它通过逐层添加材料来创建三维物体，这使得快速原型制作和小批量生产成为可能。
科技如何影响金融服务行业？,科技通过移动支付、区块链、自动化交易和个性化金融服务等手段提高了金融服务行业的效率和安全性。
什么是智能合约？,智能合约是运行在区块链上的程序，它可以自动执行合同条款，当预设的条件得到满足时。
科技如何帮助提高能源效率？,科技通过智能电网、能源管理系统、可再生能源集成和智能家居技术等帮助提高能源的使用效率和减少浪费。
什么是机器人流程自动化（RPA）？,机器人流程自动化（RPA）是使用软件机器人或'bots'来自动化重复性的业务流程任务。
科技如何影响媒体和娱乐行业？,科技通过流媒体服务、虚拟现实体验、社交媒体和个性化内容推荐等改变了媒体和娱乐的制作、分发和消费方式。
什么是数据挖掘？,数据挖掘是从大量数据中通过算法搜索模式和知识的过程，它在市场分析、风险管理等领域有广泛应用。
科技如何帮助改善城市规划？,科技通过地理信息系统（GIS）、大数据分析和智能交通系统等工具帮助城市规划者更好地理解城市动态，优化资源分配。
什么是API？,API（应用程序编程接口）是一组规则和协议，允许不同的软件应用程序之间进行交互和数据共享。
科技如何影响制造业？,科技通过工业4.0、机器人自动化、3D打印和智能供应链管理等创新提高了制造业的生产效率和灵活性。
什么是数字隐私？,数字隐私是指个人在网上的数据和通信的保密性和安全性，包括个人信息的收集、使用和分享受保护的权利。
科技如何帮助提高教育的个性化？,科技通过学习管理系统、自适应学习软件和数据分析工具帮助教育者根据每个学生的学习进度和风格提供定制化的教学。
